﻿<?xml version="1.0" encoding="utf-8"?>
<extension type="module" version="3.0" method="upgrade" client="site" >
	<name>Awesome Portfolio</name>
    <author>Mostafa Shahiri</author>
    <copyright></copyright>
    <license>GNU/GPL</license>
    <authorEmail>mostafa2134@gmail.com</authorEmail>
    <authorUrl>www.extensions.joomla.com</authorUrl>
    <version>1.0</version>
	<description>The Awesome Portfolio is simple module that displays Joomla articles as portfolios based on different filters.
It is a very useful and applicable extension for news website, company websites, shopping websites and other
websites that work with portfolios or filterable items</description>
	<files>
    <filename module="mod_awesomeportfolio">mod_awesomeportfolio.php</filename>
    <filename>index.html</filename>
    <filename>helper.php</filename>
    <folder>tmpl</folder>
    <folder>css</folder>
    <folder>js</folder>
    </files>
    <languages>
    	  <language tag="en-GB">language/en-GB/en-GB.mod_awesomeportfolio.ini</language>
          <language tag="fa-IR">language/fa-IR/fa-IR.mod_awesomeportfolio.ini</language>
        </languages>
    <config>
    <fields name="params">
     <fieldset name="basic" >
          <field name="moduleclass" type="text"   label="MOD_AWESOMEPORTFOLIO_CLASS_LABEL" />
           <field name="filter" type="list" default="1" label="MOD_AWESOMEPORTFOLIO_FILTER_LABEL" >
	  <option value="1">MOD_AWESOMEPORTFOLIO_CAT</option>
	  <option value="2">MOD_AWESOMEPORTFOLIO_AUTHOR</option>
       <option value="3">MOD_AWESOMEPORTFOLIO_TAG</option>
     	</field>
        <field name="cats" type="category" extension="com_content" multiple="true" size="10" default="" label="MOD_AWESOMEPORTFOLIO_CAT_LABEL"  />
        <field name="users" type="sql" multiple="true" query="SELECT id,concat( name, ' [',username, ']') AS username from #__users where block=0" key_field="id" value_field="username" label="MOD_AWESOMEPORTFOLIO_USER_LABEL"  />
	    <field name="alltags" type="tag"  mode="ajax"  multiple="true" label="MOD_AWESOMEPORTFOLIO_TAG_LABEL" />
     <field name="order" type="list" default="created" label="MOD_AWESOMEPORTFOLIO_ORDER_LABEL" >
	  <option value="created">MOD_AWESOMEPORTFOLIO_CREATED</option>
	  <option value="modified">MOD_AWESOMEPORTFOLIO_MODIFIED</option>
       <option value="publish_up">MOD_AWESOMEPORTFOLIO_PUBLISH_UP</option>
       <option value="hits">MOD_AWESOMEPORTFOLIO_HITS</option>
       <option value="RAND()">MOD_AWESOMEPORTFOLIO_RAND</option>
	</field>
   <field name="sort" type="list" default="DESC" label="MOD_AWESOMEPORTFOLIO_SORT_LABEL" >
    <option value="DESC">MOD_AWESOMEPORTFOLIO_DESC</option>
	<option value="ASC">MOD_AWESOMEPORTFOLIO_ASC</option>
    </field>
     <field name="count" type="text"   label="MOD_AWESOMEPORTFOLIO_COUNT_LABEL"  />
     <field name="catshow" type="radio" default="1" label="MOD_AWESOMEPORTFOLIO_CATSHOW_LABEL" >
	  <option value="1">JYES</option>
	  <option value="0">JNO</option>
	</field>
    <field name="showauthor" type="radio" default="1" label="MOD_AWESOMEPORTFOLIO_SHOWAUTHOR_LABEL" >
	  <option value="1">JYES</option>
	  <option value="0">JNO</option>
	</field>
    <field name="showcreate" type="radio" default="1" label="MOD_AWESOMEPORTFOLIO_SHOWCREATE_LABEL" >
	  <option value="1">JYES</option>
	  <option value="0">JNO</option>
	</field>
    <field name="showmodified" type="radio" default="1" label="MOD_AWESOMEPORTFOLIO_SHOWMOD_LABEL">
	  <option value="1">JYES</option>
	  <option value="0">JNO</option>
	</field>
      <field name="intro" type="radio" default="1" label="MOD_AWESOMEPORTFOLIO_INTRO_LABEL" >
	  <option value="1">JYES</option>
	  <option value="0">JNO</option>
	</field>
    <field name="showreadmore" type="radio" default="1" label="MOD_AWESOMEPORTFOLIO_SHOWREADMORE_LABEL" >
	  <option value="1">JYES</option>
	  <option value="0">JNO</option>
	</field>
    <field name="limit" type="text"   label="MOD_AWESOMEPORTFOLIO_LIMIT_LABEL"  />

    </fieldset>
    <fieldset name="Style" label="MOD_AWESOMEPORTFOLIO_STYLE">
        <field name="note13" type="spacer" label="MOD_AWESOMEPORTFOLIO_FILTERBTN" />
    <field name="filterbtnbg" type="color"   label="MOD_AWESOMEPORTFOLIO_FILTER_BG_LABEL"  />
    <field name="filterbtncolor" type="color"   label="MOD_AWESOMEPORTFOLIO_FILTER_COLOR_LABEL"  />
    <field name="filterbtnbghover" type="color"   label="MOD_AWESOMEPORTFOLIO_FILTER_BGHOVER_LABEL"  />
    <field name="filterbtncolorhover" type="color"   label="MOD_AWESOMEPORTFOLIO_FILTER_COLORHOVER_LABEL"  />
    <field name="filterbtnbgactive" type="color"   label="MOD_AWESOMEPORTFOLIO_FILTER_BGACTIVE_LABEL"  />
    <field name="filterbtncoloractive" type="color"   label="MOD_AWESOMEPORTFOLIO_FILTER_COLORACTIVE_LABEL"  />
    <field name="note14" type="spacer" label="MOD_AWESOMEPORTFOLIO_ARTTITLE" />
    <field name="titlecolor" type="color"   label="MOD_AWESOMEPORTFOLIO_FILTER_COLOR_LABEL"  />
    <field name="note15" type="spacer" label="MOD_AWESOMEPORTFOLIO_READMOREBTN" />
    <field name="readmorebg" type="color"   label="MOD_AWESOMEPORTFOLIO_FILTER_BG_LABEL"  />
    <field name="readmorecolor" type="color"   label="MOD_AWESOMEPORTFOLIO_FILTER_COLOR_LABEL"  />
    <field name="note16" type="spacer" label="MOD_AWESOMEPORTFOLIO_LOADMOREBTN" />
    <field name="loadmorebg" type="color"   label="MOD_AWESOMEPORTFOLIO_FILTER_BG_LABEL"  />
    <field name="loadmorecolor" type="color"   label="MOD_AWESOMEPORTFOLIO_FILTER_COLOR_LABEL"  />
     </fieldset>
    </fields>

    </config>

    </extension>
